{
	"format_version": "1.21.0",
	"minecraft:geometry": [
		{
			"description": {
				"identifier": "geometry.mig-29",
				"texture_width": 1024,
				"texture_height": 1024,
				"visible_bounds_width": 30,
				"visible_bounds_height": 7.5,
				"visible_bounds_offset": [0, 3.25, 0]
			},
			"bones": [
				{
					"name": "pl-12-3",
					"pivot": [-0.47629, -0.09381, -0.59166],
					"rotation": [0, 180, 0],
					"cubes": [
						{
							"origin": [-0.57928, -5.31811, 16.12389],
							"size": [0.16493, 10.38565, 6.09013],
							"pivot": [-0.57928, -0.0684, 2.37849],
							"rotation": [0, 0, -42.5],
							"uv": {
								"north": {"uv": [74, 529], "uv_size": [1, 10]},
								"east": {"uv": [597, 54], "uv_size": [18, 26]},
								"south": {"uv": [75, 529], "uv_size": [1, 10]},
								"west": {"uv": [578, 54], "uv_size": [18, 26]},
								"up": {"uv": [484, 532], "uv_size": [1, 6]},
								"down": {"uv": [485, 538], "uv_size": [1, -6]}
							}
						},
						{
							"origin": [-0.49888, -5.32163, 16.12389],
							"size": [0.16493, 10.38565, 6.09013],
							"pivot": [-0.49888, -0.07192, 2.37849],
							"rotation": [0, 0, 47.5],
							"uv": {
								"north": {"uv": [74, 529], "uv_size": [1, 10]},
								"east": {"uv": [597, 54], "uv_size": [18, 26]},
								"south": {"uv": [75, 529], "uv_size": [1, 10]},
								"west": {"uv": [578, 54], "uv_size": [18, 26]},
								"up": {"uv": [484, 532], "uv_size": [1, 6]},
								"down": {"uv": [485, 538], "uv_size": [1, -6]}
							}
						},
						{
							"origin": [-0.57928, -4.93058, -11.58728],
							"size": [0.16493, 9.61057, 5.68984],
							"pivot": [-0.57928, -0.0684, -1.23009],
							"rotation": [0, 0, -42.5],
							"uv": {
								"north": {"uv": [563, 55], "uv_size": [2, 24]},
								"east": {"uv": [550, 55], "uv_size": [14, 24]},
								"south": {"uv": [577, 55], "uv_size": [1, 24]},
								"west": {"uv": [564, 55], "uv_size": [14, 24]},
								"up": {"uv": [564, 50], "uv_size": [0, 5]},
								"down": {"uv": [565, 55], "uv_size": [-1, -5]}
							}
						},
						{
							"origin": [-0.49888, -4.9341, -11.58728],
							"size": [0.16493, 9.61057, 5.68984],
							"pivot": [-0.49888, -0.07192, -1.23009],
							"rotation": [0, 0, 47.5],
							"uv": {
								"north": {"uv": [563, 55], "uv_size": [2, 24]},
								"east": {"uv": [550, 55], "uv_size": [14, 24]},
								"south": {"uv": [577, 55], "uv_size": [1, 24]},
								"west": {"uv": [564, 55], "uv_size": [14, 24]},
								"up": {"uv": [564, 50], "uv_size": [0, 5]},
								"down": {"uv": [565, 55], "uv_size": [-1, -5]}
							}
						},
						{
							"origin": [-1.84974, -1.0245, -26.76557],
							"size": [1.56377, 1.5638, 26.66272],
							"pivot": [-0.49888, -0.86847, 3.65741],
							"rotation": [0, 0, 47.5],
							"uv": {
								"north": {"uv": [533, 396], "uv_size": [2, 2]},
								"east": {"uv": [509, 241], "uv_size": [27, 2]},
								"south": {"uv": [533, 398], "uv_size": [2, 2]},
								"west": {"uv": [509, 243], "uv_size": [27, 2]},
								"up": {"uv": [184, 509], "uv_size": [2, 27]},
								"down": {"uv": [186, 536], "uv_size": [2, -27]}
							}
						},
						{
							"origin": [-2.74804, -2.03658, -21.15855],
							"size": [3.36035, 3.36036, 43.65362],
							"pivot": [-0.49888, -0.86847, 14.94914],
							"rotation": [0, 0, 47.5],
							"uv": {
								"north": {"uv": [118, 530], "uv_size": [3, 3]},
								"east": {"uv": [463, 341], "uv_size": [44, 3]},
								"south": {"uv": [121, 530], "uv_size": [3, 3]},
								"west": {"uv": [463, 344], "uv_size": [44, 3]},
								"up": {"uv": [99, 459], "uv_size": [3, 44]},
								"down": {"uv": [102, 503], "uv_size": [3, -44]}
							}
						},
						{
							"origin": [-2.32304, -1.64507, -24.35493],
							"size": [2.51036, 2.65766, 24.25208],
							"pivot": [-0.49888, -0.86847, 3.65741],
							"rotation": [0, 0, 47.5],
							"uv": {
								"north": {"uv": [124, 530], "uv_size": [3, 3]},
								"east": {"uv": [493, 436], "uv_size": [24, 3]},
								"south": {"uv": [530, 128], "uv_size": [3, 3]},
								"west": {"uv": [493, 439], "uv_size": [24, 3]},
								"up": {"uv": [313, 494], "uv_size": [3, 24]},
								"down": {"uv": [316, 518], "uv_size": [3, -24]}
							}
						}
					]
				}
			]
		}
	]
}