{
	"format_version": "1.12.0",
	"minecraft:geometry": [
		{
			"description": {
				"identifier": "geometry.f4",
				"texture_width": 256,
				"texture_height": 256,
				"visible_bounds_width": 30,
				"visible_bounds_height": 7.5,
				"visible_bounds_offset": [0, 3.25, 0]
			},
			"bones": [
				{
					"name": "pl_8",
					"pivot": [0.03696, -0.15526, 3.7314],
					"rotation": [0, 180, 0],
					"cubes": [
						{
							"origin": [-1.4389, -1.42145, -4.6956],
							"size": [2.18908, 2.18911, 27.91889],
							"pivot": [0.02048, -0.65525, 11.65387],
							"rotation": [0, 0, 47.5],
							"uv": {
								"north": {"uv": [200.5, 210], "uv_size": [5.25, 2]},
								"east": {"uv": [169.5, 210], "uv_size": [34.25, 2]},
								"south": {"uv": [233.5, 210], "uv_size": [5.25, 2]},
								"west": {"uv": [202.5, 210], "uv_size": [30.375, 2]},
								"up": {"uv": [241.25, 162.25], "uv_size": [2, 31]},
								"down": {"uv": [246.625, 193.25], "uv_size": [1.875, -31]}
							}
						},
						{
							"origin": [0.02048, -4.55916, -11.46734],
							"size": [0.10576, 8.75641, 34.46239],
							"pivot": [0.02048, -0.14447, 10.01471],
							"rotation": [0, 0, 47.5],
							"uv": {
								"north": {"uv": [197.5, 217], "uv_size": [3.25, 9]},
								"east": {"uv": [166.875, 217], "uv_size": [25.875, 9]},
								"south": {"uv": [236.5, 217], "uv_size": [3.25, 9]},
								"west": {"uv": [205.875, 217], "uv_size": [25.875, 9]}
							}
						},
						{
							"origin": [-0.01599, -4.52265, -11.46734],
							"size": [0.10573, 8.75637, 34.46239],
							"pivot": [0.02048, -0.14447, 10.01471],
							"rotation": [0, 0, -42.5],
							"uv": {
								"north": {"uv": [197.5, 217], "uv_size": [3.25, 9]},
								"east": {"uv": [166.875, 217], "uv_size": [25.875, 9]},
								"south": {"uv": [236.5, 217], "uv_size": [3.25, 9]},
								"west": {"uv": [205.875, 217], "uv_size": [25.875, 9]}
							}
						},
						{
							"origin": [-1.07406, -0.98362, -13.734],
							"size": [1.45938, 1.45938, 15.73611],
							"pivot": [0.02048, -0.65525, 4.41332],
							"rotation": [0, 0, 47.5],
							"uv": {
								"north": {"uv": [177.5, 201], "uv_size": [4.25, 1]},
								"east": {"uv": [160.5, 201], "uv_size": [17.375, 1]},
								"south": {"uv": [195.5, 201], "uv_size": [4.25, 1]},
								"west": {"uv": [181.875, 201], "uv_size": [16.875, 1]},
								"up": {"uv": [218.25, 167.25], "uv_size": [4.25, 17]},
								"down": {"uv": [219.25, 184.25], "uv_size": [4.25, -17]}
							}
						}
					]
				}
			]
		}
	]
}