{
	"format_version": "1.21.0",
	"minecraft:geometry": [
		{
			"description": {
				"identifier": "geometry.kikka",
				"texture_width": 1600,
				"texture_height": 1600,
				"visible_bounds_width": 29,
				"visible_bounds_height": 10,
				"visible_bounds_offset": [0, 3, 0]
			},
			"bones": [
				{
					"name": "cow1",
					"pivot": [-1.36234, -0.28001, -2.59089],
					"rotation": [0, 180, 0],
					"cubes": [
						{
							"origin": [-2.7961, -10.80426, -26.21153],
							"size": [5.41015, 5.41015, 41.71306],
							"pivot": [8.54314, -2.23146, 45.80826],
							"rotation": [0, 0, 45],
							"uv": {
								"north": {"uv": [71, 403], "uv_size": [-5, 5]},
								"east": {"uv": [371, 311], "uv_size": [-37, 5]},
								"south": {"uv": [293, 403], "uv_size": [-5, 5]},
								"west": {"uv": [370, 191], "uv_size": [-37, 5]},
								"up": {"uv": [130, 333], "uv_size": [-5, 37]},
								"down": {"uv": [135, 370], "uv_size": [-5, -37]}
							}
						},
						{
							"origin": [9.85138, -14.26724, -31.39168],
							"size": [4.24972, 4.35426, 46.86707],
							"pivot": [8.54314, -2.23146, 45.80826],
							"rotation": [0, 0, 120],
							"uv": {
								"north": {"uv": [275, 407], "uv_size": [-4, 4]},
								"east": {"uv": [77, 414], "uv_size": [-3, 4]},
								"south": {"uv": [283, 407], "uv_size": [-4, 4]},
								"west": {"uv": [331, 413], "uv_size": [-3, 4]},
								"up": {"uv": [232, 414], "uv_size": [-4, 3]},
								"down": {"uv": [236, 417], "uv_size": [-4, -3]}
							}
						},
						{
							"origin": [-3.23504, -4.3629, -34.72141],
							"size": [2.73382, 2.73383, 11.20189],
							"pivot": [8.54314, -2.23146, 45.80826],
							"rotation": [0, 0, 15],
							"uv": {
								"north": {"uv": [188, 420], "uv_size": [-2, 2]},
								"east": {"uv": [421, 374], "uv_size": [-5, 2]},
								"south": {"uv": [199, 420], "uv_size": [-2, 2]},
								"west": {"uv": [421, 356], "uv_size": [-5, 2]},
								"up": {"uv": [143, 415], "uv_size": [-2, 5]},
								"down": {"uv": [176, 420], "uv_size": [-2, -5]}
							}
						},
						{
							"origin": [-7.84876, 0.55817, 6.13961],
							"size": [13.22482, 0.4809, 9.29758],
							"pivot": [-0.14118, -0.29655, 10.76568],
							"rotation": [0, 0, -45],
							"uv": {
								"north": {"uv": [428, 61], "uv_size": [-13, 1]},
								"east": {"uv": [9.65, 424.5], "uv_size": [-9.5, 0.5]},
								"south": {"uv": [428, 69], "uv_size": [-13, 1]},
								"west": {"uv": [0.15, 424.5], "uv_size": [9.5, 0.5]},
								"up": {"uv": [282, 432], "uv_size": [-6.5, 7]},
								"down": {"uv": [282, 439], "uv_size": [-6.5, -7]}
							}
						},
						{
							"origin": [-8.44989, -1.88114, 6.13961],
							"size": [13.22482, 0.4809, 9.25214],
							"pivot": [-0.14118, -1.14666, -10.69197],
							"rotation": [0, 0, 45],
							"uv": {
								"north": {"uv": [428, 61], "uv_size": [-13, 1]},
								"east": {"uv": [9.65, 424.5], "uv_size": [-9.5, 0.5]},
								"south": {"uv": [428, 69], "uv_size": [-13, 1]},
								"west": {"uv": [0.15, 424.5], "uv_size": [9.5, 0.5]},
								"up": {"uv": [282, 432], "uv_size": [-6.5, 7]},
								"down": {"uv": [282, 439], "uv_size": [-6.5, -7]}
							}
						},
						{
							"origin": [-2.80043, 1.87326, -7.29072],
							"size": [6.01128, 0.4809, 15.15888],
							"pivot": [-2.80043, 1.51258, -10.16568],
							"rotation": [0, 12.5, 45],
							"uv": {
								"north": {"uv": [424, 214], "uv_size": [-6, 1]},
								"east": {"uv": [428, 149], "uv_size": [-12, 1]},
								"south": {"uv": [424, 215], "uv_size": [-6, 1]},
								"west": {"uv": [428, 148], "uv_size": [-12, 1]},
								"up": {"uv": [129, 383], "uv_size": [-6, 12]},
								"down": {"uv": [208, 395], "uv_size": [-6, -12]}
							}
						},
						{
							"origin": [-3.55112, 0.45958, -8.35476],
							"size": [6.01128, 0.4809, 15.15888],
							"pivot": [-2.48192, 1.19406, -11.46676],
							"rotation": [0, -12.5, 45],
							"uv": {
								"north": {"uv": [424, 216], "uv_size": [-6, 1]},
								"east": {"uv": [428, 151], "uv_size": [-12, 1]},
								"south": {"uv": [424, 217], "uv_size": [-6, 1]},
								"west": {"uv": [428, 150], "uv_size": [-12, 1]},
								"up": {"uv": [306, 383], "uv_size": [-6, 12]},
								"down": {"uv": [332, 396], "uv_size": [-6, -12]}
							}
						},
						{
							"origin": [-4.52545, -2.28482, -6.75888],
							"size": [0.36068, 6.01128, 15.15888],
							"pivot": [-3.68386, -4.68934, -10.11475],
							"rotation": [12.5, 0, 45],
							"uv": {
								"north": {"uv": [121, 418], "uv_size": [-1, 6]},
								"east": {"uv": [398, 317], "uv_size": [-12, 6]},
								"south": {"uv": [122, 418], "uv_size": [-1, 6]},
								"west": {"uv": [398, 311], "uv_size": [-12, 6]},
								"up": {"uv": [150, 412], "uv_size": [-1, 12]},
								"down": {"uv": [151, 424], "uv_size": [-1, -12]}
							}
						},
						{
							"origin": [-5.15489, -2.88831, -8.86378],
							"size": [0.36067, 6.01128, 15.15888],
							"pivot": [-3.21814, -4.22362, -12.45668],
							"rotation": [-12.5, 0, 45],
							"uv": {
								"north": {"uv": [123, 418], "uv_size": [-1, 6]},
								"east": {"uv": [398, 362], "uv_size": [-12, 6]},
								"south": {"uv": [124, 418], "uv_size": [-1, 6]},
								"west": {"uv": [398, 356], "uv_size": [-12, 6]},
								"up": {"uv": [46, 413], "uv_size": [-1, 12]},
								"down": {"uv": [250, 425], "uv_size": [-1, -12]}
							}
						}
					]
				}
			]
		}
	]
}