{
	"format_version": "1.8.0",
	"animations": {
		"door": {
			"animation_length": 0.5,
			"bones": {
				"door": {
					"rotation": {
						"0.0": [0, 0, 0],
						"0.0417": [-1.09215, 0, 0],
						"0.0833": [-3.26917, 0, 0],
						"0.125": [-5.92297, 0, 0],
						"0.1667": [-8.83369, 0, 0],
						"0.3333": [-21.16631, 0, 0],
						"0.375": [-24.07703, 0, 0],
						"0.4167": [-26.73083, 0, 0],
						"0.4583": [-28.90785, 0, 0],
						"0.5": [-30, 0, 0]
					}
				}
			}
		},
		"landing_gear": {
			"loop": "hold_on_last_frame",
			"animation_length": 1.9375,
			"bones": {
				"bone14": {
					"rotation": {
						"0.0": [0, 0, 0],
						"0.875": [-105, 0, 0]
					}
				},
				"bone13": {
					"rotation": {
						"0.0": [0, 0, 0],
						"1.0": [136.78082, -13.99545, -14.43276]
					}
				},
				"bone17": {
					"rotation": {
						"0.5": [0, 0, 0],
						"0.75": [0, 90, 0],
						"0.875": [116.38447, 78.82571, 116.71287]
					}
				},
				"bone6": {
					"rotation": {
						"1.0": [0, 0, 0],
						"1.75": [1.51232, 7.71098, 96.93758]
					}
				},
				"bone5": {
					"rotation": {
						"0.875": [0, 0, 0],
						"1.6042": [5.02549, 3.98359, 70.37111]
					}
				},
				"bone16": {
					"rotation": {
						"0.0": [0, 0, 0],
						"0.875": [-105, 0, 0]
					}
				},
				"bone18": {
					"rotation": {
						"0.5": [0, 0, 0],
						"0.75": [0, -90, 0],
						"0.875": [123.57655, -80.98943, -123.7952]
					}
				},
				"wheel2": {
					"rotation": {
						"0.0": [0, 0, 0],
						"0.5": [-22.5, 0, 0],
						"0.875": [-42.5, 0, 0],
						"1.125": [-62.5, 0, 0]
					}
				},
				"wheel3": {
					"rotation": {
						"1.0208": [0, 0, 0],
						"1.9375": [0, 0, -85]
					},
					"position": {
						"1.0208": [0, 0, 0],
						"1.9375": [1.4, 0, 0]
					}
				},
				"wheel5": {
					"rotation": {
						"1.0208": [0, 0, 0],
						"1.9375": [0, 0, 85]
					},
					"position": {
						"1.0208": [0, 0, 0],
						"1.9375": [-1.4, 0, 0]
					}
				},
				"bone15": {
					"rotation": {
						"0.0": [0, 0, 0],
						"1.0": [136.78082, 13.99545, 14.43276]
					}
				},
				"bone7": {
					"rotation": {
						"1.5": [0, 0, 0],
						"1.6458": [5, 0, -67.5]
					},
					"position": {
						"1.5": [0, 0, 0],
						"1.6458": [-1, 0, 0]
					}
				},
				"bone12": {
					"rotation": {
						"0.875": [0, 0, 0],
						"1.6042": [5.02895, -4.98369, -70.40322]
					}
				},
				"bone22": {
					"rotation": {
						"0.8542": [0, 0, 0],
						"1.7708": [0, 0, -85]
					},
					"position": {
						"0.8542": [0, 0, 0],
						"1.7708": [1, 0, 0]
					}
				},
				"bone25": {
					"rotation": {
						"0.8542": [0, 0, 0],
						"1.7708": [0, 0, 85]
					},
					"position": {
						"0.8542": [0, 0, 0],
						"1.7708": [-1, 0, 0]
					}
				},
				"bone23": {
					"rotation": {
						"0.5": [0, 0, 0],
						"0.625": [30, 0, 0],
						"0.75": [52.5, 0, 0]
					}
				},
				"wheel6": {
					"rotation": {
						"0.0": [0, 0, 0],
						"0.9167": [-37.5, 0, 0]
					}
				},
				"bone34": {
					"rotation": {
						"1.0": [0, 0, 0],
						"1.7083": [2.95748, -11.93485, -84.08317]
					}
				},
				"bone33": {
					"rotation": {
						"1.0": [0, 0, 0],
						"1.7083": [2.99075, 11.98626, 84.47457]
					}
				},
				"bone35": {
					"rotation": {
						"1.0": [0, 0, 0],
						"1.75": [1.51232, -7.71098, -96.93758]
					}
				}
			}
		},
		"afterburner_on": {
			"loop": true,
			"animation_length": 0.5,
			"bones": {
				"CAF": {
					"position": {
						"0.0": [0, 0, 0],
						"0.125": [0, 0, 2],
						"0.1667": [0, 0, 0],
						"0.2083": [0, 0, 2],
						"0.4167": [0, 0, 3]
					}
				},
				"all3": {
					"scale": {
						"0.0": [1, 1, 1],
						"0.1667": [1, 1, 0.9]
					}
				},
				"bone24": {
					"position": [0, 0, 0]
				},
				"bone41": {
					"rotation": {
						"0.0": [0, 0, 0],
						"0.0417": [0, 0, 35],
						"0.25": [0, 0, 440],
						"0.5": [0, 0, 470]
					}
				},
				"bone43": {
					"rotation": {
						"0.0": [0, 0, 0],
						"0.0417": [0, 0, 35],
						"0.25": [0, 0, 440],
						"0.5": [0, 0, 470]
					}
				},
				"CAF2": {
					"position": {
						"0.0": [0, 0, 0],
						"0.0417": [0, 0, 2],
						"0.0833": [0, 0, 1],
						"0.125": [0, 0, 0],
						"0.1667": [0, 0, -1],
						"0.2083": [0, 0, 1]
					},
					"scale": {
						"0.0": [1, 1, 1],
						"0.2083": [1, 1, 1.4]
					}
				},
				"all4": {
					"scale": {
						"0.0417": [1, 1, 1],
						"0.2083": [1, 1, 0.9]
					}
				},
				"bone11": {
					"position": {
						"0.3333": [0, 0, 0],
						"0.375": [0, 0, 5]
					},
					"scale": {
						"0.0417": [1, 1, 1],
						"0.0833": [1, 1, 1],
						"0.125": [1, 1, 2.6444],
						"0.1667": [1, 1, 2.6444],
						"0.2083": [1, 1, 1],
						"0.375": [1, 1, 4.7],
						"0.4167": [1, 1, 4.69],
						"0.4583": [1, 1, 4.7],
						"0.5": [1, 1, 4.71]
					}
				},
				"bone29": {
					"position": {
						"0.25": [0, 0, 0],
						"0.2917": [0, 0, 5]
					},
					"scale": {
						"0.0": [1, 1, 1],
						"0.0833": [1, 1, 2.6444],
						"0.125": [1, 1, 1],
						"0.2917": [1, 1, 4.7],
						"0.3333": [1, 1, 4.69],
						"0.375": [1, 1, 4.7],
						"0.4167": [1, 1, 4.71],
						"0.5": [1, 1, 4.7]
					}
				}
			}
		},
		"afterburner_loop": {
			"loop": true,
			"animation_length": 1.5,
			"bones": {
				"CAF": {
					"position": {
						"0.25": [0, 0, 2],
						"1.25": [0, 0, 1]
					}
				},
				"all3": {
					"scale": 1
				},
				"bone24": {
					"position": [0.2, 2.5, 75]
				},
				"bone41": {
					"rotation": {
						"0.0": [0, 0, 470],
						"0.0833": [0, 0, 417.5],
						"0.25": [0, 0, 0]
					}
				},
				"bone43": {
					"rotation": {
						"0.0": [0, 0, 470],
						"0.0833": [0, 0, 417.5],
						"0.25": [0, 0, 0]
					}
				},
				"CAF2": {
					"scale": {
						"0.375": [1, 1, 1.4],
						"0.4167": [1, 1, 1.5],
						"0.4583": [1, 1, 1.4]
					}
				},
				"all4": {
					"scale": 1
				},
				"bone11": {
					"scale": {
						"0.0": [1, 1, 4.71],
						"0.0833": [1, 1, 4.7],
						"0.125": [1, 1, 4.69],
						"0.1667": [1, 1, 4.7],
						"0.2083": [1, 1, 4.71],
						"0.2917": [1, 1, 4.7],
						"0.3333": [1, 1, 4.69],
						"0.375": [1, 1, 4.7],
						"0.4167": [1, 1, 4.71],
						"0.4583": [1, 1, 4.7],
						"0.5": [1, 1, 4.7],
						"0.5417": [1, 1, 4.69],
						"0.5833": [1, 1, 4.7],
						"0.625": [1, 1, 4.71],
						"0.6667": [1, 1, 4.7],
						"0.7083": [1, 1, 4.7],
						"0.75": [1, 1, 4.69],
						"0.7917": [1, 1, 4.7],
						"0.8333": [1, 1, 4.71],
						"0.9167": [1, 1, 4.7],
						"0.9583": [1, 1, 4.69],
						"1.0": [1, 1, 4.7],
						"1.0833": [1, 1, 4.6],
						"1.125": [1, 1, 4.7],
						"1.1667": [1, 1, 4.69],
						"1.2083": [1, 1, 4.7],
						"1.25": [1, 1, 4.71],
						"1.3333": [1, 1, 4.7],
						"1.375": [1, 1, 4.69],
						"1.4167": [1, 1, 4.7],
						"1.4583": [1, 1, 4.71]
					}
				},
				"bone29": {
					"scale": {
						"0.0": [1, 1, 4.7],
						"0.0417": [1, 1, 4.69],
						"0.0833": [1, 1, 4.7],
						"0.125": [1, 1, 4.71],
						"0.2083": [1, 1, 4.7],
						"0.25": [1, 1, 4.69],
						"0.2917": [1, 1, 4.7],
						"0.3333": [1, 1, 4.71],
						"0.375": [1, 1, 4.7],
						"0.4167": [1, 1, 4.7],
						"0.4583": [1, 1, 4.69],
						"0.5": [1, 1, 4.7],
						"0.5417": [1, 1, 4.71],
						"0.625": [1, 1, 4.7],
						"0.6667": [1, 1, 4.69],
						"0.7083": [1, 1, 4.7],
						"0.75": [1, 1, 4.71],
						"0.8333": [1, 1, 4.7],
						"0.875": [1, 1, 4.69],
						"0.9167": [1, 1, 4.7],
						"0.9583": [1, 1, 4.71],
						"1.0": [1, 1, 4.6],
						"1.0417": [1, 1, 4.7],
						"1.0833": [1, 1, 4.69],
						"1.125": [1, 1, 4.7],
						"1.1667": [1, 1, 4.71],
						"1.25": [1, 1, 4.7],
						"1.2917": [1, 1, 4.69],
						"1.3333": [1, 1, 4.7],
						"1.375": [1, 1, 4.71],
						"1.4167": [1, 1, 4.6],
						"1.4583": [1, 1, 4.7]
					}
				}
			}
		},
		"afterburner_off": {
			"loop": "hold_on_last_frame",
			"animation_length": 1,
			"bones": {
				"CAF": {
					"position": {
						"0.0": [0, 0, 1],
						"0.25": [0, 0, 2],
						"0.5833": [0, 0, 3],