{
	"format_version": "1.8.0",
	"animations": {
		"landing_gear": {
			"loop": "hold_on_last_frame",
			"animation_length": 3.0833,
			"bones": {
				"1": {
					"rotation": {
						"1.875": [0, 0, 0],
						"3.0": [0, 0, 90]
					}
				},
				"2": {
					"rotation": {
						"1.875": [0, 0, 0],
						"3.0": [0, 0, -90]
					}
				},
				"5": {
					"rotation": {
						"1.9167": [0, 0, 0],
						"2.5833": [0, 0, 52],
						"3.0": [0, 0, 52]
					},
					"position": {
						"1.9167": [0, 0, 0],
						"3.0833": [0, 0.7, 0]
					}
				},
				"8": {
					"rotation": {
						"1.9167": [0, 0, 0],
						"2.5833": [0, 0, -52],
						"3.0": [0, 0, -52]
					},
					"position": {
						"1.9167": [0, 0, 0],
						"3.0833": [0, 0.7, 0]
					}
				},
				"Tyre": {
					"rotation": {
						"0.0": [0, 0, 0],
						"2.0": [102.5, 0, 0]
					}
				},
				"LeftTyre": {
					"rotation": {
						"0.0": [0, 0, 0],
						"0.625": [-42.39121, 3.37562, 3.69066],
						"1.2083": [-53.80303, 13.5468, 11.0472],
						"1.9583": [-93.77577, 40.4709, 16.8142]
					}
				},
				"RightTyre": {
					"rotation": {
						"0.0": [0, 0, 0],
						"0.5833": [-42.39118, -3.68425, -3.38262],
						"1.2083": [-53.76229, -13.85288, -10.7488],
						"1.9583": [-96.9957, -40.48327, -15.90941]
					}
				},
				"bone2": {
					"rotation": {
						"1.9167": [0, 0, 0],
						"2.5833": [0, 0, 24.5],
						"3.0": [0, 0, 34.5]
					},
					"position": {
						"1.9167": [0, 0, 0],
						"2.5833": [1.3, 1.5, 0],
						"3.0": [2, 2, 0]
					}
				},
				"bone4": {
					"rotation": {
						"1.9167": [0, 0, 0],
						"2.5833": [0, 0, -24.5],
						"3.0": [0, 0, -34.5]
					},
					"position": {
						"1.9167": [0, 0, 0],
						"2.5833": [-1.3, 1.5, 0],
						"3.0": [-2, 2, 0]
					}
				}
			}
		},
		"afterburner_on": {
			"loop": "hold_on_last_frame",
			"animation_length": 1.9167,
			"bones": {
				"bone29": {
					"position": {
						"0.0": [0, 0, 0],
						"0.8333": [0, 0, 24]
					},
					"scale": {
						"0.0": [1, 1, 1],
						"0.8333": [1, 1, 1],
						"1.5": [1, 1, 6],
						"1.625": [1, 1, 6.5],
						"1.6667": [1, 1, 6]
					}
				},
				"bone5": {
					"position": {
						"0.0": [0, 0, 0],
						"1.0": [0, 0, 0.6],
						"1.3333": [0, 0, 0.9],
						"1.375": [0, 0, 0.6],
						"1.5417": [0, 0, 0.9],
						"1.5833": [0, 0, 0.6],
						"1.9167": [0, 0, 0.9]
					}
				}
			}
		},
		"afterburner_loop": {
			"loop": "hold_on_last_frame",
			"animation_length": 1.625,
			"bones": {
				"bone29": {
					"scale": {
						"0.0": [1, 1, 6.5],
						"0.0417": [1, 1, 6],
						"0.2083": [1, 1, 6.5],
						"0.25": [1, 1, 6],
						"0.625": [1, 1, 6.5],
						"0.6667": [1, 1, 6],
						"0.875": [1, 1, 6.5],
						"0.9167": [1, 1, 6],
						"1.3333": [1, 1, 6.5],
						"1.375": [1, 1, 6],
						"1.5833": [1, 1, 6.5],
						"1.625": [1, 1, 6]
					}
				},
				"bone5": {
					"position": {
						"0.0": [0, 0, 0.6],
						"0.1667": [0, 0, 0.9],
						"0.2083": [0, 0, 0.6],
						"0.6667": [0, 0, 0.9],
						"0.7083": [0, 0, 0.6],
						"0.875": [0, 0, 0.9],
						"0.9167": [0, 0, 0.6]
					}
				}
			}
		},
		"afterburner_off": {
			"loop": "hold_on_last_frame",
			"animation_length": 3.5833,
			"bones": {
				"bone29": {
					"position": {
						"0.0": [0, 0, 24],
						"2.2083": [0, 0, 0]
					},
					"scale": {
						"0.0": [1, 1, 6],
						"2.2083": [1, 1, 1],
						"3.1667": [1, 1, 1]
					}
				},
				"bone5": {
					"position": {
						"0.0": [0, 0, 0.6],
						"1.0": [0, 0, 0.6],
						"2.2917": [0, 0, 0]
					}
				}
			}
		}
	}
}