{
	"format_version": "1.8.0",
	"animations": {
		"door": {
			"animation_length": 0.5,
			"bones": {
				"door": {
					"rotation": {
						"0.0": [0, 0, 0],
						"0.0417": [-1.09215, 0, 0],
						"0.0833": [-3.26917, 0, 0],
						"0.125": [-5.92297, 0, 0],
						"0.1667": [-8.83369, 0, 0],
						"0.3333": [-21.16631, 0, 0],
						"0.375": [-24.07703, 0, 0],
						"0.4167": [-26.73083, 0, 0],
						"0.4583": [-28.90785, 0, 0],
						"0.5": [-30, 0, 0]
					}
				}
			}
		},
		"landing_gear": {
			"loop": "hold_on_last_frame",
			"animation_length": 2.9583,
			"bones": {
				"Tyre": {
					"rotation": {
						"0.0": [0, 0, 0],
						"1.5417": [-102.5, 0, 0]
					}
				},
				"ForwardHatch": {
					"rotation": {
						"0.0": [0, 0, 0],
						"1.75": [0, 0, 0],
						"2.9583": [5.07069, 4.98142, -89.93998]
					},
					"position": {
						"0.0": [0, 0, 0],
						"2.9583": [0, 0.3, 0]
					}
				},
				"LeftTyreHatch": {
					"rotation": {
						"1.75": [0, 0, 0],
						"2.9583": [0, 0, 105]
					},
					"position": {
						"1.75": [0, 0, 0],
						"2.9583": [3, -0.5, 0]
					},
					"scale": {
						"1.75": [1, 1, 1],
						"2.9583": [1.1, 1, 1]
					}
				},
				"bone6": {
					"rotation": {
						"0.0": [0, 0, 0],
						"1.75": [0, 0, 0],
						"2.9583": [0, 0, 57.5]
					},
					"position": {
						"0.0": [0, 0, 0],
						"2.9583": [0, 4.5, 0]
					},
					"scale": {
						"0.0": [1, 1, 1],
						"2.9583": [1, 1.16, 1]
					}
				},
				"RightTyreHatch": {
					"rotation": {
						"1.75": [0, 0, 0],
						"2.9583": [0, 0, -105]
					},
					"position": {
						"1.75": [0, 0, 0],
						"2.9583": [-3, -0.5, 0]
					},
					"scale": {
						"1.75": [1, 1, 1],
						"2.9583": [1.1, 1, 1]
					}
				},
				"bone7": {
					"rotation": {
						"0.0": [0, 0, 0],
						"1.75": [0, 0, 0],
						"2.9583": [0, 0, -57.5]
					},
					"position": {
						"0.0": [0, 0, 0],
						"2.9583": [0, 4.2, 0]
					},
					"scale": {
						"0.0": [1, 1, 1],
						"2.9583": [1, 1.16, 1]
					}
				},
				"wheel2": {
					"rotation": {
						"0.0": [0, 0, 0],
						"0.7083": [-49.32185, 9.54385, 8.11019],
						"1.0417": [-65.8084, 18.70564, 12.24813],
						"1.5417": [-81.88766, 38.54379, 15.16893]
					},
					"position": {
						"0.0": [0, 0, 0],
						"1.5417": [-6, 4, 0]
					}
				},
				"wheel3": {
					"rotation": {
						"0.0": [0, 0, 0],
						"0.7083": [-49.32185, -9.54385, -8.11019],
						"1.0417": [-65.8084, -18.70564, -12.24813],
						"1.5417": [-81.5885, -41.01786, -15.63636]
					},
					"position": {
						"0.0": [0, 0, 0],
						"1.5417": [6, 4, 0]
					}
				},
				"hqljkltl2": {
					"rotation": [0, 0, 0]
				}
			}
		},
		"engine_on": {
			"loop": "hold_on_last_frame",
			"animation_length": 1.7083,
			"bones": {
				"flameL": {
					"scale": {
						"0.0": [1, 1, 9.5],
						"0.25": [1, 1, 9.9],
						"0.2917": [1, 1, 9.5],
						"0.3333": [1, 1, 9.8],
						"0.375": [1, 1, 9.5],
						"0.7083": [1, 1, 9.9],
						"0.75": [1, 1, 9.5],
						"0.7917": [1, 1, 9.8],
						"0.8333": [1, 1, 9.5],
						"1.125": [1, 1, 9.9],
						"1.1667": [1, 1, 9.5],
						"1.2083": [1, 1, 9.8],
						"1.25": [1, 1, 9.5],
						"1.5417": [1, 1, 9.9],
						"1.5833": [1, 1, 9.5],
						"1.625": [1, 1, 9.8],
						"1.6667": [1, 1, 9.5]
					}
				},
				"flameR": {
					"scale": {
						"0.0": [1, 1, 9.5],
						"0.25": [1, 1, 9.1],
						"0.2917": [1, 1, 9.5],
						"0.3333": [1, 1, 9.9],
						"0.375": [1, 1, 9.5],
						"0.7083": [1, 1, 9.1],
						"0.75": [1, 1, 9.5],
						"0.7917": [1, 1, 9.9],
						"0.8333": [1, 1, 9.5],
						"1.125": [1, 1, 9.1],
						"1.1667": [1, 1, 9.5],
						"1.2083": [1, 1, 9.9],
						"1.25": [1, 1, 9.5],
						"1.5417": [1, 1, 9.1],
						"1.5833": [1, 1, 9.5],
						"1.625": [1, 1, 9.9],
						"1.6667": [1, 1, 9.5]
					}
				}
			}
		},
		"engine_off": {
			"loop": true,
			"animation_length": 0.0417,
			"bones": {
				"bone": {
					"position": [0, 0, 0.9]
				},
				"flameL": {
					"position": [0, 0, 0],
					"scale": 1
				},
				"flameR": {
					"position": [0, 0, 0],
					"scale": 1
				}
			}
		}
	}
}