{
	"format_version": "1.8.0",
	"animations": {
		"door": {
			"animation_length": 0.5,
			"bones": {
				"glass2": {
					"rotation": {
						"0.0": [0, 0, 0],
						"0.0417": [-1.63822, 0, 0],
						"0.0833": [-4.90376, 0, 0],
						"0.125": [-8.88445, 0, 0],
						"0.1667": [-13.25053, 0, 0],
						"0.3333": [-31.74947, 0, 0],
						"0.375": [-36.11555, 0, 0],
						"0.4167": [-40.09624, 0, 0],
						"0.4583": [-43.36178, 0, 0],
						"0.5": [-45, 0, 0]
					}
				}
			}
		},
		"landing_gear": {
			"loop": "hold_on_last_frame",
			"animation_length": 2,
			"bones": {
				"qjljck": {
					"rotation": {
						"1.0417": [0, 0, 0],
						"1.9583": [0, 0, 90]
					}
				},
				"gearF": {
					"rotation": {
						"0.0": [0, 0, 0],
						"1.1667": [-97.5, 0, 0]
					}
				},
				"gearR": {
					"rotation": {
						"0.0": [0, 0, 0],
						"1.1667": [-35.4157, -8.31465, -92.76978]
					}
				},
				"bone2": {
					"rotation": {
						"0.0": [0, 0, 0],
						"1.1667": [-12.33544, -37.99272, 63.1635]
					},
					"position": {
						"1.125": [0, 0, 0],
						"1.1667": [-0.13149, -2.22741, 1.60744]
					}
				},
				"gearL": {
					"rotation": {
						"0.0": [0, 0, 0],
						"1.1667": [-35.4157, 8.31465, 92.76978]
					}
				},
				"bone3": {
					"rotation": {
						"0.0": [0, 0, 0],
						"1.1667": [-12.33544, 37.99272, -63.1635]
					},
					"position": {
						"1.125": [0, 0, 0],
						"1.1667": [0.13149, -2.22741, 1.60744]
					}
				}
			}
		},
		"animation.j8.wy_on_loop": {
			"loop": true,
			"animation_length": 2.0833,
			"bones": {
				"hyl": {
					"position": [0, 0, 1.95],
					"scale": {
						"0.0": [7, 7, 40],
						"0.1667": [7, 7, 40],
						"0.2083": [7, 7, 40],
						"0.25": [7, 7, 39],
						"0.2917": [7, 7, 40],
						"0.375": [7, 7, 40],
						"0.4167": [7, 7, 39],
						"0.4583": [7, 7, 40],
						"0.5": [7, 7, 40],
						"0.5417": [7, 7, 39],
						"0.5833": [7, 7, 40],
						"0.7083": [7, 7, 40],
						"0.75": [7, 7, 39],
						"0.7917": [7, 7, 40],
						"0.8333": [7, 7, 40],
						"0.875": [7, 7, 39],
						"0.9167": [7, 7, 40],
						"1.1667": [7, 7, 40],
						"1.2083": [7, 7, 39],
						"1.25": [7, 7, 40],
						"1.2917": [7, 7, 40],
						"1.3333": [7, 7, 39],
						"1.375": [7, 7, 40],
						"1.5833": [7, 7, 40],
						"1.625": [7, 7, 39],
						"1.6667": [7, 7, 40],
						"1.7917": [7, 7, 40],
						"1.8333": [7, 7, 39],
						"1.875": [7, 7, 40],
						"1.9583": [7, 7, 40],
						"2.0": [7, 7, 39],
						"2.0417": [7, 7, 40]
					}
				},
				"hyr": {
					"position": [0, 0, 1.95],
					"scale": {
						"0.0": [7, 7, 40],
						"0.0833": [7, 7, 40],
						"0.125": [7, 7, 40],
						"0.1667": [7, 7, 39],
						"0.2083": [7, 7, 40],
						"0.5833": [7, 7, 40],
						"0.625": [7, 7, 40],
						"0.6667": [7, 7, 39],
						"0.7083": [7, 7, 40],
						"0.9583": [7, 7, 40],
						"1.0": [7, 7, 39],
						"1.0417": [7, 7, 40],
						"1.0833": [7, 7, 40],
						"1.125": [7, 7, 39],
						"1.1667": [7, 7, 40],
						"1.375": [7, 7, 40],
						"1.4167": [7, 7, 39],
						"1.4583": [7, 7, 40],
						"1.5833": [7, 7, 40],
						"1.625": [7, 7, 39],
						"1.6667": [7, 7, 40],
						"1.75": [7, 7, 40],
						"1.7917": [7, 7, 39],
						"1.8333": [7, 7, 40],
						"2.0": [7, 7, 40],
						"2.0417": [7, 7, 39],
						"2.0833": [7, 7, 40]
					}
				}
			}
		},
		"animation.j8.wy_off_loop": {
			"loop": true,
			"animation_length": 0.0417,
			"bones": {
				"hyl": {
					"position": [0, 0, 0],
					"scale": 0
				},
				"hyr": {
					"position": [0, 0, 0],
					"scale": 0
				}
			}
		},
		"animation.j8.ld": {
			"loop": true,
			"animation_length": 2,
			"bones": {
				"LD": {
					"rotation": {
						"0.0": [0, 0, 0],
						"0.25": [-5, 0, -50],
						"0.5": [-4.58424, -3.21154, -89.89247],
						"0.75": [-8.48793, -5.59024, -142.50944],
						"1.0": [-9.32811, -9.59657, -180.14515],
						"1.25": [-8.05644, -13.34912, -223.39404],
						"1.5": [-13.05813, -14.21166, -269.68326],
						"1.75": [-5.02757, -18.85764, -324.43644],
						"2.0": [-0.0344, -5.24271, -361.26574]
					},
					"position": {
						"0.0": [0, 0, 0],
						"0.25": [0, 0.015, 0]
					}
				}
			}
		}
	}
}