{
	"format_version": "1.8.0",
	"animations": {
		"landing_gear": {
			"animation_length": 2,
			"bones": {
				"jjr1": {
					"rotation": {
						"0.0": [0, 0, 0],
						"2.0": [0, 0, -72.5]
					}
				},
				"jjr": {
					"rotation": {
						"0.0": [0, 0, 0],
						"0.5": [0, 0, 92.5],
						"2.0": [0, 0, 0]
					}
				},
				"jjrw": {
					"rotation": {
						"0.0": [0, 0, 0],
						"1.0": [42.5, 0, 0],
						"2.0": [55, 0, -12.5]
					},
					"position": {
						"0.0": [0, 0, 0],
						"1.5": [11.8, 2.325, 3.925]
					}
				},
				"jjl1": {
					"rotation": {
						"0.0": [0, 0, 0],
						"2.0": [0, 0, 67.5]
					}
				},
				"jjl": {
					"rotation": {
						"0.0": [0, 0, 0],
						"0.5": [0, 0, -92.5],
						"2.0": [0, 0, 0]
					}
				},
				"jjlw": {
					"rotation": {
						"0.0": [0, 0, 0],
						"1.0": [42.5, 0, 0],
						"2.0": [55, 0, 12.5]
					},
					"position": {
						"0.0": [0, 0, 0],
						"1.5": [-9.35, 1.65, 4.575]
					}
				},
				"bone12": {
					"position": {
						"0.0": [0, 0, 0],
						"1.5": [0, 0.925, 0.225]
					}
				},
				"qjj": {
					"rotation": {
						"0.0": [0, 0, 0],
						"2.0": [77.5, 0, 0]
					}
				}
			}
		},
		"door": {
			"animation_length": 0.5,
			"bones": {
				"window": {
					"rotation": {
						"0.0": [0, 0, 0],
						"0.0417": [0, 4.55062, 0],
						"0.0833": [0, 13.62156, 0],
						"0.125": [0, 24.67903, 0],
						"0.1667": [0, 36.80703, 0],
						"0.2083": [0, 49.52148, 0],
						"0.2917": [0, 75.47852, 0],
						"0.3333": [0, 88.19297, 0],
						"0.375": [0, 100.32097, 0],
						"0.4167": [0, 111.37844, 0],
						"0.4583": [0, 120.44938, 0],
						"0.5": [0, 125, 0]
					}
				}
			}
		}
	}
}