{
	"format_version": "1.8.0",
	"animations": {
		"tread_r_move": {
			"bones": {
				"tread_r_1": {
					"rotation": {
						"0.0": [0, 0, 0],
						"1.0": [47.5, 0, 0]
					},
					"position": {
						"0.0": [0, 0, 0],
						"1.0": [0, -4.03981, -0.82457]
					}
				},
				"tread_r_2": {
					"rotation": {
						"0.0": [0, 0, 0],
						"1.0": [30, 0, 0]
					},
					"position": {
						"0.0": [0, 0, 0],
						"1.0": [0, -4.6366, 0.39566]
					}
				},
				"tread_r_3": {
					"rotation": {
						"0.0": [0, 0, 0],
						"1.0": [18.3579, 0, 0]
					},
					"position": {
						"0.0": [0, 0, 0],
						"1.0": [0, -3.03835, 3.55144]
					}
				},
				"tread_r_4": {
					"rotation": {
						"0.0": [0, 0, 0],
						"1.0": [7.5, 0, 0]
					},
					"position": {
						"0.0": [0, 0, 0],
						"1.0": [0, -2.9966, 3.97627]
					}
				},
				"tread_r_5": {
					"rotation": {
						"0.0": [0, 0, 0],
						"1.0": [0, 0, 0]
					},
					"position": {
						"0.0": [0, 0, 0],
						"1.0": [0, -2.41022, 4.38787]
					}
				},
				"tread_r_6": {
					"rotation": {
						"0.0": [0, 0, 0],
						"1.0": [7.5, 0, 0]
					},
					"position": {
						"0.0": [0, 0, 0],
						"1.0": [0, -2.16679, 4.4612]
					}
				},
				"tread_r_7": {
					"rotation": {
						"0.0": [0, 0, 0],
						"1.0": [24.1421, 0, 0]
					},
					"position": {
						"0.0": [0, 0, 0],
						"1.0": [0, -0.38601, 4.65014]
					}
				},
				"tread_r_8": {
					"rotation": {
						"0.0": [0, 0, 0],
						"1.0": [0, 0, 0]
					},
					"position": {
						"0.0": [0, 0, 0],
						"1.0": [0, 0, 5]
					}
				},
				"tread_r_9": {
					"rotation": {
						"0.0": [0, 0, 0],
						"1.0": [0, 0, 0]
					},
					"position": {
						"0.0": [0, 0, 0],
						"1.0": [0, 0, 5]
					}
				},
				"tread_r_10": {
					"rotation": {
						"0.0": [0, 0, 0],
						"1.0": [0, 0, 0]
					},
					"position": {
						"0.0": [0, 0, 0],
						"1.0": [0, 0, 5]
					}
				},
				"tread_r_11": {
					"rotation": {
						"0.0": [0, 0, 0],
						"1.0": [0, 0, 0]
					},
					"position": {
						"0.0": [0, 0, 0],
						"1.0": [0, 0, 5]
					}
				},
				"tread_r_12": {
					"rotation": {
						"0.0": [0, 0, 0],
						"1.0": [0, 0, 0]
					},
					"position": {
						"0.0": [0, 0, 0],
						"1.0": [0, 0, 5]
					}
				},
				"tread_r_13": {
					"rotation": {
						"0.0": [0, 0, 0],
						"1.0": [0, 0, 0]
					},
					"position": {
						"0.0": [0, 0, 0],
						"1.0": [0, 0, 5]
					}
				},
				"tread_r_14": {
					"rotation": {
						"0.0": [0, 0, 0],
						"1.0": [0, 0, 0]
					},
					"position": {
						"0.0": [0, 0, 0],
						"1.0": [0, 0, 5]
					}
				},
				"tread_r_15": {
					"rotation": {
						"0.0": [0, 0, 0],
						"1.0": [0, 0, 0]
					},
					"position": {
						"0.0": [0, 0, 0],
						"1.0": [0, 0, 5]
					}
				},
				"tread_r_16": {
					"rotation": {
						"0.0": [0, 0, 0],
						"1.0": [0, 0, 0]
					},
					"position": {
						"0.0": [0, 0, 0],
						"1.0": [0, 0, 5]
					}
				},
				"tread_r_17": {
					"rotation": {
						"0.0": [0, 0, 0],
						"1.0": [0, 0, 0]
					},
					"position": {
						"0.0": [0, 0, 0],
						"1.0": [0, 0, 5]
					}
				},
				"tread_r_18": {
					"rotation": {
						"0.0": [0, 0, 0],
						"1.0": [0, 0, 0]
					},
					"position": {
						"0.0": [0, 0, 0],
						"1.0": [0, 0, 5]
					}
				},
				"tread_r_19": {
					"rotation": {
						"0.0": [0, 0, 0],
						"1.0": [0, 0, 0]
					},
					"position": {
						"0.0": [0, 0, 0],
						"1.0": [0, 0, 5]
					}
				},
				"tread_r_20": {
					"rotation": {
						"0.0": [0, 0, 0],
						"1.0": [0, 0, 0]
					},
					"position": {
						"0.0": [0, 0, 0],
						"1.0": [0, 0, 5]
					}
				},
				"tread_r_21": {
					"rotation": {
						"0.0": [0, 0, 0],
						"1.0": [0, 0, 0]
					},
					"position": {
						"0.0": [0, 0, 0],
						"1.0": [0, 0, 5]
					}
				},
				"tread_r_22": {
					"rotation": {
						"0.0": [0, 0, 0],
						"1.0": [0, 0, 0]
					},
					"position": {
						"0.0": [0, 0, 0],
						"1.0": [0, 0, 5]
					}
				},
				"tread_r_23": {
					"rotation": {
						"0.0": [0, 0, 0],
						"1.0": [0, 0, 0]
					},
					"position": {
						"0.0": [0, 0, 0],
						"1.0": [0, 0, 5]
					}
				},
				"tread_r_24": {
					"rotation": {
						"0.0": [0, 0, 0],
						"1.0": [0, 0, 0]
					},
					"position": {
						"0.0": [0, 0, 0],
						"1.0": [0, 0, 5]
					}
				},
				"tread_r_25": {
					"rotation": {
						"0.0": [0, 0, 0],
						"1.0": [0, 0, 0]
					},
					"position": {
						"0.0": [0, 0, 0],
						"1.0": [0, 0, 5]
					}
				},
				"tread_r_26": {
					"rotation": {
						"0.0": [0, 0, 0],
						"1.0": [0, 0, 0]
					},
					"position": {
						"0.0": [0, 0, 0],
						"1.0": [0, 0, 5]
					}
				},
				"tread_r_27": {
					"rotation": {
						"0.0": [0, 0, 0],
						"1.0": [-340, 0, 0]
					},
					"position": {
						"0.0": [0, 0, 0],
						"1.0": [0, 0.47686, 4.84965]
					}
				},
				"tread_r_28": {
					"rotation": {
						"0.0": [0, 0, 0],
						"1.0": [0, 0, 0]
					},
					"position": {
						"0.0": [0, 0, 0],
						"1.0": [0, 1.7101, 4.69846]
					}
				},
				"tread_r_29": {
					"rotation": {
						"0.0": [0, 0, 0],
						"1.0": [17.5, 0, 0]
					},
					"position": {
						"0.0": [0, 0, 0],
						"1.0": [0, 2.59065, 3.77671]
					}
				},
				"tread_r_30": {
					"rotation": {
						"0.0": [0, 0, 0],
						"1.0": [0, 0, 0]
					},
					"position": {
						"0.0": [0, 0, 0],
						"1.0": [0, 3.0438, 3.96676]
					}
				},
				"tread_r_31": {
					"rotation": {
						"0.0": [0, 0, 0],
						"1.0": [52.5, 0, 0]
					},
					"position": {
						"0.0": [0, 0, 0],
						"1.0": [0, 3.71792, 0.86448]
					}
				},
				"tread_r_32": {
					"rotation": {
						"0.0": [0, 0, 0],
						"1.0": [45, 0, 0]
					},
					"position": {
						"0.0": [0, 0, 0],
						"1.0": [0, 4.23396, -0.64279]
					}
				}
			},
			"animation_length": 1
		},
		"tread_l_move": {
			"bones": {
				"tread_l_1": {
					"rotation": {
						"0.0": [0, 0, 0],
						"1.0": [47.5, 0, 0]
					},
					"position": {
						"0.0": [0, 0, 0],
						"1.0": [0, -4.03981, -0.82457]
					}
				},
				"tread_l_2": {
					"rotation": {
						"0.0": [0, 0, 0],
						"1.0": [30, 0, 0]
					},
					"position": {
						"0.0": [0, 0, 0],
						"1.0": [0, -4.6366, 0.39566]
					}
				},
				"tread_l_3": {
					"rotation": {
						"0.0": [0, 0, 0],
						"1.0": [18.3579, 0, 0]
					},
					"position": {
						"0.0": [0, 0, 0],
						"1.0": [0, -3.03835, 3.55144]
					}
				},
				"tread_l_4": {
					"rotation": {
						"0.0": [0, 0, 0],
						"1.0": [7.5, 0, 0]
					},
					"position": {
						"0.0": [0, 0, 0],
						"1.0": [0, -2.9966, 3.97627]
					}
				},
				"tread_l_5": {
					"rotation": {
						"0.0": [0, 0, 0],
						"1.0": [0, 0, 0]
					},
					"position": {
						"0.0": [0, 0, 0],
						"1.0": [0, -2.41022, 4.38787]
					}
				},
				"tread_l_6": {
					"rotation": {
						"0.0": [0, 0, 0],
						"1.0": [7.5, 0, 0]
					},
					"position": {
						"0.0": [0, 0, 0],
						"1.0": [0, -2.16679, 4.4612]
					}
				},
				"tread_l_7": {
					"rotation": {
						"0.0": [0, 0, 0],
						"1.0": [24.1421, 0, 0]
					},
					"position": {
						"0.0": [0, 0, 0],
						"1.0": [0, -0.38601, 4.65014]
					}
				},
				"tread_l_8": {
					"rotation": {
						"0.0": [0, 0, 0],
						"1.0": [0, 0, 0]
					},
					"position": {
						"0.0": [0, 0, 0],
						"1.0": [0, 0, 5]
					}
				},
				"tread_l_9": {
					"rotation": {
						"0.0": [0, 0, 0],
						"1.0": [0, 0, 0]
					},
					"position": {
						"0.0": [0, 0, 0],
						"1.0": [0, 0, 5]
					}
				},
				"tread_l_10": {
					"rotation": {
						"0.0": [0, 0, 0],
						"1.0": [0, 0, 0]
					},
					"position": {
						"0.0": [0, 0, 0],
						"1.0": [0, 0, 5]
					}
				},
				"tread_l_11": {
					"rotation": {
						"0.0": [0, 0, 0],
						"1.0": [0, 0, 0]
					},
					"position": {
						"0.0": [0, 0, 0],
						"1.0": [0, 0, 5]
					}
				},
				"tread_l_12": {
					"rotation": {
						"0.0": [0, 0, 0],